{
    "sample_idx": 7,
    "window_metrics": [
        {
            "iteration": 0,
            "ground_truth": 14,
            "predicted_class": 12,
            "correct": false,
            "confidence": 0.09711229056119919,
            "softmax_probs": [
                0.05554948002099991,
                0.058443211019039154,
                0.03317011147737503,
                0.027714664116501808,
                0.025234490633010864,
                0.026652932167053223,
                0.04326198250055313,
                0.053840406239032745,
                0.0646907389163971,
                0.04641333222389221,
                0.04001079127192497,
                0.07742466777563095,
                0.09711229056119919,
                0.05821535736322403,
                0.03939048573374748,
                0.039854805916547775,
                0.04095962271094322,
                0.04160464182496071,
                0.05077634006738663,
                0.04864075407385826,
                0.031038954854011536
            ],
            "video_path": "/home/ubuntu/av_experiment_results/sample_7/window_0.mp4",
            "melspectrogram_path": "/home/ubuntu/av_experiment_results/sample_7/melspectrogram_window_0.png",
            "cross_entropy": 3.234375,
            "rank_of_correct_class": 16,
            "offset_from_correct": 2
        },
        {
            "iteration": 1,
            "ground_truth": 14,
            "predicted_class": 1,
            "correct": false,
            "confidence": 0.06970899552106857,
            "softmax_probs": [
                0.05711750686168671,
                0.06970899552106857,
                0.03971898928284645,
                0.03357765078544617,
                0.028055178001523018,
                0.026875212788581848,
                0.034643515944480896,
                0.04261225834488869,
                0.04809776321053505,
                0.039103202521800995,
                0.04114019498229027,
                0.04661795124411583,
                0.05428942292928696,
                0.05282505974173546,
                0.05119980499148369,
                0.055576860904693604,
                0.06943723559379578,
                0.056894827634096146,
                0.05536018684506416,
                0.05536018684506416,
                0.04178806021809578
            ],
            "video_path": "/home/ubuntu/av_experiment_results/sample_7/window_1.mp4",
            "melspectrogram_path": "/home/ubuntu/av_experiment_results/sample_7/melspectrogram_window_1.png",
            "cross_entropy": 2.97265625,
            "rank_of_correct_class": 10,
            "offset_from_correct": 13
        },
        {
            "iteration": 2,
            "ground_truth": 14,
            "predicted_class": 8,
            "correct": false,
            "confidence": 0.06470661610364914,
            "softmax_probs": [
                0.050987593829631805,
                0.059146638959646225,
                0.04903428629040718,
                0.05059079825878143,
                0.04552679508924484,
                0.0431039035320282,
                0.04588386043906212,
                0.05800263583660126,
                0.06470661610364914,
                0.052606113255023956,
                0.04096968099474907,
                0.04734037071466446,
                0.0431039035320282,
                0.03759589046239853,
                0.05777650699019432,
                0.05891604721546173,
                0.05448843911290169,
                0.03436542674899101,
                0.03253653272986412,
                0.037303321063518524,
                0.036014657467603683
            ],
            "video_path": "/home/ubuntu/av_experiment_results/sample_7/window_2.mp4",
            "melspectrogram_path": "/home/ubuntu/av_experiment_results/sample_7/melspectrogram_window_2.png",
            "cross_entropy": 2.8515625,
            "rank_of_correct_class": 5,
            "offset_from_correct": 6
        },
        {
            "iteration": 3,
            "ground_truth": 14,
            "predicted_class": 1,
            "correct": false,
            "confidence": 0.08030124008655548,
            "softmax_probs": [
                0.056278713047504425,
                0.08030124008655548,
                0.06181006878614426,
                0.05605929717421532,
                0.05672010779380798,
                0.051042571663856506,
                0.047206662595272064,
                0.05025123432278633,
                0.04795005917549133,
                0.038679756224155426,
                0.04182278364896774,
                0.05584074556827545,
                0.04611312597990036,
                0.04037800058722496,
                0.05738871172070503,
                0.042982157319784164,
                0.03719795495271683,
                0.024682575836777687,
                0.022827651351690292,
                0.04215080663561821,
                0.042315781116485596
            ],
            "video_path": "/home/ubuntu/av_experiment_results/sample_7/window_3.mp4",
            "melspectrogram_path": "/home/ubuntu/av_experiment_results/sample_7/melspectrogram_window_3.png",
            "cross_entropy": 2.857421875,
            "rank_of_correct_class": 3,
            "offset_from_correct": 13
        },
        {
            "iteration": 4,
            "ground_truth": 14,
            "predicted_class": 15,
            "correct": false,
            "confidence": 0.06788751482963562,
            "softmax_probs": [
                0.029773935675621033,
                0.03959843888878822,
                0.039290279150009155,
                0.04332081973552704,
                0.04315192624926567,
                0.042482923716306686,
                0.04776483029127121,
                0.06657445430755615,
                0.06181228533387184,
                0.04166122525930405,
                0.03577420860528946,
                0.04037944972515106,
                0.03705426678061485,
                0.03453836962580681,
                0.05967695266008377,
                0.06788751482963562,
                0.06157130002975464,
                0.04053748399019241,
                0.04400302469730377,
                0.06205420941114426,
                0.06109215319156647
            ],
            "video_path": "/home/ubuntu/av_experiment_results/sample_7/window_4.mp4",
            "melspectrogram_path": "/home/ubuntu/av_experiment_results/sample_7/melspectrogram_window_4.png",
            "cross_entropy": 2.818359375,
            "rank_of_correct_class": 7,
            "offset_from_correct": 1
        },
        {
            "iteration": 5,
            "ground_truth": 14,
            "predicted_class": 14,
            "correct": true,
            "confidence": 0.08802646398544312,
            "softmax_probs": [
                0.028914878144860268,
                0.036982692778110504,
                0.044609639793634415,
                0.042400866746902466,
                0.051748085767030716,
                0.056391868740320206,
                0.05705660209059715,
                0.06340308487415314,
                0.04861282557249069,
                0.036982692778110504,
                0.03640932962298393,
                0.037712112069129944,
                0.04093610867857933,
                0.04880309849977493,
                0.08802646398544312,
                0.07499948143959045,
                0.046568237245082855,
                0.029716426506638527,
                0.032131120562553406,
                0.051748085767030716,
                0.04584626480937004
            ],
            "video_path": "/home/ubuntu/av_experiment_results/sample_7/window_5.mp4",
            "melspectrogram_path": "/home/ubuntu/av_experiment_results/sample_7/melspectrogram_window_5.png",
            "cross_entropy": 2.4296875,