{
    "sample_idx": 2,
    "window_metrics": [
        {
            "iteration": 0,
            "ground_truth": 6,
            "predicted_class": 7,
            "correct": false,
            "confidence": 0.1655205488204956,
            "softmax_probs": [
                0.05147656053304672,
                0.04217838495969772,
                0.01645289734005928,
                0.025682609528303146,
                0.09617087990045547,
                0.1629544049501419,
                0.15917955338954926,
                0.1655205488204956,
                0.09212606400251389,
                0.03946844860911369,
                0.022226447239518166,
                0.010458097793161869,
                0.005258661694824696,
                0.007532685529440641,
                0.007258275523781776,
                0.014072909951210022,
                0.011089185252785683,
                0.00601732125505805,
                0.005554254166781902,
                0.012084309943020344,
                0.04723754897713661
            ],
            "video_path": "/home/ubuntu/av_experiment_results/sample_2/window_0.mp4",
            "melspectrogram_path": "/home/ubuntu/av_experiment_results/sample_2/melspectrogram_window_0.png",
            "cross_entropy": 1.837890625,
            "rank_of_correct_class": 3,
            "offset_from_correct": 1
        },
        {
            "iteration": 1,
            "ground_truth": 6,
            "predicted_class": 5,
            "correct": false,
            "confidence": 0.21060986816883087,
            "softmax_probs": [
                0.1370464414358139,
                0.06837501376867294,
                0.008675945922732353,
                0.02228499762713909,
                0.1365121603012085,
                0.21060986816883087,
                0.08952686190605164,
                0.021599359810352325,
                0.006372301373630762,
                0.003160684835165739,
                0.005601611454039812,
                0.006021401379257441,
                0.008899053558707237,
                0.012403469532728195,
                0.01636786386370659,
                0.08183418214321136,
                0.08025136590003967,
                0.04245501011610031,
                0.017767149955034256,
                0.011337689124047756,
                0.012897566892206669
            ],
            "video_path": "/home/ubuntu/av_experiment_results/sample_2/window_1.mp4",
            "melspectrogram_path": "/home/ubuntu/av_experiment_results/sample_2/melspectrogram_window_1.png",
            "cross_entropy": 2.4140625,
            "rank_of_correct_class": 4,
            "offset_from_correct": 1
        },
        {
            "iteration": 2,
            "ground_truth": 6,
            "predicted_class": 6,
            "correct": true,
            "confidence": 0.3015231192111969,
            "softmax_probs": [
                0.08052229881286621,
                0.021672284230589867,
                0.005077720154076815,
                0.012300352565944195,
                0.07743754237890244,
                0.2539079487323761,
                0.3015231192111969,
                0.07989568263292313,
                0.007146760355681181,
                0.0015425796154886484,
                0.0023521529510617256,
                0.0020838920027017593,
                0.0029618078842759132,
                0.003272025613114238,
                0.006185006350278854,
                0.02583720162510872,
                0.07896485924720764,
                0.03178030252456665,
                0.003885626560077071,
                0.0007718796259723604,
                0.0008789353887550533
            ],
            "video_path": "/home/ubuntu/av_experiment_results/sample_2/window_2.mp4",
            "melspectrogram_path": "/home/ubuntu/av_experiment_results/sample_2/melspectrogram_window_2.png",
            "cross_entropy": 1.19921875,
            "rank_of_correct_class": 1,
            "offset_from_correct": 0
        },
        {
            "iteration": 3,
            "ground_truth": 6,
            "predicted_class": 6,
            "correct": true,
            "confidence": 0.36690306663513184,
            "softmax_probs": [
                0.027962906286120415,
                0.016567472368478775,
                0.002585760084912181,
                0.004441691096872091,
                0.019069047644734383,
                0.1287950873374939,
                0.36690306663513184,
                0.04965492710471153,
                0.0028343608137220144,
                0.0011654933914542198,
                0.002688765060156584,
                0.0036536352708935738,
                0.0032687068451195955,
                0.002924333093687892,
                0.0035068111028522253,
                0.018700217828154564,
                0.1933443397283554,
                0.1349761039018631,
                0.01411566510796547,
                0.0017359971534460783,
                0.0011056242510676384
            ],
            "video_path": "/home/ubuntu/av_experiment_results/sample_2/window_3.mp4",
            "melspectrogram_path": "/home/ubuntu/av_experiment_results/sample_2/melspectrogram_window_3.png",
            "cross_entropy": 1.0029296875,
            "rank_of_correct_class": 1,
            "offset_from_correct": 0
        },
        {
            "iteration": 4,
            "ground_truth": 6,
            "predicted_class": 6,
            "correct": true,
            "confidence": 0.4222710132598877,
            "softmax_probs": [
                0.1195731833577156,
                0.04627999663352966,
                0.007209033239632845,
                0.0032684607431292534,
                0.016827106475830078,
                0.10069071501493454,
                0.4222710132598877,
                0.07720224559307098,
                0.005022896453738213,
                0.0013361440505832434,
                0.0017563282744958997,
                0.002281753346323967,
                0.002013640245422721,
                0.0027630922850221395,
                0.003137115156278014,
                0.022910259664058685,
                0.1149924024939537,
                0.04381702095270157,
                0.004458739422261715,
                0.001032492145895958,
                0.0011563363950699568
            ],
            "video_path": "/home/ubuntu/av_experiment_results/sample_2/window_4.mp4",
            "melspectrogram_path": "/home/ubuntu/av_experiment_results/sample_2/melspectrogram_window_4.png",
            "cross_entropy": 0.8623046875,
            "rank_of_correct_class": 1,
            "offset_from_correct": 0
        },
        {
            "iteration": 5,
            "ground_truth": 6,
            "predicted_class": 6,
            "correct": true,
            "confidence": 0.6367508769035339,
            "softmax_probs": [
                0.013112500309944153,
                0.004861652385443449,
                0.0016670674085617065,
                0.002369380323216319,
                0.017576007172465324,
                0.26751911640167236,
                0.6367508769035339,
                0.04777653515338898,
                0.0023879637010395527,
                0.00046473974362015724,
                0.0005044701974838972,
                0.00045486155431717634,
                0.00044259248534217477,
                0.0005433358019217849,
                0.0003327837912365794,
                0.0005529710906557739,
                0.0015119643649086356,
                0.0007142014219425619,
                0.00012398845865391195,
                7.389242091448978e-05,
                0.0002591723168734461
            ],
            "video_path": "/home/ubuntu/av_experiment_results/sample_2/window_5.mp4",
            "melspectrogram_path": "/home/ubuntu/av_experiment_results/sample_2/melspectrogram_window_5.png",