{
    "sample_idx": 1,
    "window_metrics": [
        {
            "iteration": 0,
            "ground_truth": 3,
            "predicted_class": 12,
            "correct": false,
            "confidence": 0.8277587294578552,
            "softmax_probs": [
                0.002815466606989503,
                0.0020121231209486723,
                0.000967314641457051,
                0.010258398950099945,
                0.003601036500185728,
                0.007593673188239336,
                0.0011264963541179895,
                0.001054119784384966,
                0.00033104632166214287,
                0.00013232567289378494,
                0.006077900063246489,
                0.00857121217995882,
                0.8277587294578552,
                0.11423445492982864,
                0.001768769696354866,
                0.0006832546787336469,
                0.0019087643595412374,
                0.0031779035925865173,
                0.000747482874430716,
                0.0025139288045465946,
                0.0026656300760805607
            ],
            "video_path": "/home/ubuntu/av_experiment_results/sample_1/window_0.mp4",
            "melspectrogram_path": "/home/ubuntu/av_experiment_results/sample_1/melspectrogram_window_0.png",
            "cross_entropy": 4.578125,
            "rank_of_correct_class": 3,
            "offset_from_correct": 9
        },
        {
            "iteration": 1,
            "ground_truth": 3,
            "predicted_class": 3,
            "correct": true,
            "confidence": 0.2955152094364166,
            "softmax_probs": [
                0.04861989617347717,
                0.049193013459444046,
                0.055742982774972916,
                0.2955152094364166,
                0.2038993537425995,
                0.16576899588108063,
                0.008093522861599922,
                0.001505949185229838,
                0.0006553356070071459,
                0.00025277776876464486,
                0.0012006474426016212,
                0.001686583156697452,
                0.05445169657468796,
                0.06441089510917664,
                0.00796804390847683,
                0.0032509739976376295,
                0.00757351890206337,
                0.02305630035698414,
                0.00359850050881505,
                0.0017744419164955616,
                0.0017813867889344692
            ],
            "video_path": "/home/ubuntu/av_experiment_results/sample_1/window_1.mp4",
            "melspectrogram_path": "/home/ubuntu/av_experiment_results/sample_1/melspectrogram_window_1.png",
            "cross_entropy": 1.21875,
            "rank_of_correct_class": 1,
            "offset_from_correct": 0
        },
        {
            "iteration": 2,
            "ground_truth": 3,
            "predicted_class": 17,
            "correct": false,
            "confidence": 0.6008478403091431,
            "softmax_probs": [
                0.025687333196401596,
                0.021800557151436806,
                0.03511042147874832,
                0.09808571636676788,
                0.047062039375305176,
                0.0074754394590854645,
                0.0010706475004553795,
                0.0002691205882001668,
                0.00010242133430438116,
                0.00017367248074151576,
                0.00115538714453578,
                0.00043469807133078575,
                0.000967249448876828,
                0.0026811137795448303,
                0.0034359011333435774,
                0.014924874529242516,
                0.11693556606769562,
                0.6008478403091431,
                0.02080223523080349,
                0.00046047972864471376,
                0.0005172259407117963
            ],
            "video_path": "/home/ubuntu/av_experiment_results/sample_1/window_2.mp4",
            "melspectrogram_path": "/home/ubuntu/av_experiment_results/sample_1/melspectrogram_window_2.png",
            "cross_entropy": 2.322265625,
            "rank_of_correct_class": 3,
            "offset_from_correct": 14
        },
        {
            "iteration": 3,
            "ground_truth": 3,
            "predicted_class": 17,
            "correct": false,
            "confidence": 0.23487837612628937,
            "softmax_probs": [
                0.18653130531311035,
                0.08776764571666718,
                0.032541144639253616,
                0.11536838114261627,
                0.06755716353654861,
                0.008690173737704754,
                0.0029682547319680452,
                0.0009496380807831883,
                0.00028694875072687864,
                0.0001919909263961017,
                0.0007475664024241269,
                0.001714541926048696,
                0.003298417665064335,
                0.023530244827270508,
                0.06175224855542183,
                0.04327874258160591,
                0.08277276903390884,
                0.23487837612628937,
                0.04211137443780899,
                0.0018038570415228605,
                0.0012592952698469162
            ],
            "video_path": "/home/ubuntu/av_experiment_results/sample_1/window_3.mp4",
            "melspectrogram_path": "/home/ubuntu/av_experiment_results/sample_1/melspectrogram_window_3.png",
            "cross_entropy": 2.16015625,
            "rank_of_correct_class": 3,
            "offset_from_correct": 14
        },
        {
            "iteration": 4,
            "ground_truth": 3,
            "predicted_class": 3,
            "correct": true,
            "confidence": 0.4230370819568634,
            "softmax_probs": [
                0.06852148473262787,
                0.060706671327352524,
                0.14792102575302124,
                0.4230370819568634,
                0.021144209429621696,
                0.0009831503266468644,
                0.0028671519830822945,
                0.0023909208830446005,
                0.0002836094063241035,
                0.00017311317787971348,
                0.0003111799596808851,
                0.00015601336781401187,
                0.00030906000756658614,
                0.003941962495446205,
                0.039968229830265045,
                0.023680392652750015,
                0.04672759026288986,
                0.14393112063407898,
                0.011814585886895657,
                0.000567893439438194,
                0.0005634741391986609
            ],
            "video_path": "/home/ubuntu/av_experiment_results/sample_1/window_4.mp4",
            "melspectrogram_path": "/home/ubuntu/av_experiment_results/sample_1/melspectrogram_window_4.png",
            "cross_entropy": 0.8603515625,
            "rank_of_correct_class": 1,
            "offset_from_correct": 0
        },
        {
            "iteration": 5,
            "ground_truth": 3,
            "predicted_class": 2,
            "correct": false,
            "confidence": 0.5656539797782898,
            "softmax_probs": [
                0.015251858159899712,
                0.038193684071302414,
                0.5656539797782898,
                0.2844286859035492,
                0.026872610673308372,
                0.0025839279405772686,
                0.003963173367083073,
                0.007669116370379925,
                0.002755954395979643,
                0.00020537537056952715,
                0.00018626739620231092,
                0.00021313992328941822,
                0.001309471088461578,
                0.021092554554343224,
                0.0056548514403402805,
                0.0013379084412008524,
                0.0012181795900687575,
                0.013512397184967995,
                0.006066769827157259,
                0.0010419641621410847,
                0.0007880535558797419
            ],
            "video_path": "/home/ubuntu/av_experiment_results/sample_1/window_5.mp4",