{
    "sample_idx": 50,
    "window_metrics": [
        {
            "iteration": 0,
            "ground_truth": 17,
            "predicted_class": 18,
            "correct": false,
            "confidence": 0.5839222073554993,
            "softmax_probs": [
                0.016117796301841736,
                0.0009200224303640425,
                0.00012585624062921852,
                0.0005041307304054499,
                0.0011744305957108736,
                0.0029640740249305964,
                0.001725555513985455,
                0.005091540049761534,
                0.0012164535000920296,
                9.888220665743575e-05,
                0.00010428754467284307,
                0.0011141024297103286,
                0.0048583815805613995,
                0.0003509103844407946,
                0.001016385038383305,
                0.000973637099377811,
                0.0034249811433255672,
                0.3514105975627899,
                0.5839222073554993,
                0.02029537223279476,
                0.002590365707874298
            ],
            "video_path": "/home/ubuntu/av_experiment_results/sample_50/window_0.mp4",
            "melspectrogram_path": "/home/ubuntu/av_experiment_results/sample_50/melspectrogram_window_0.png",
            "cross_entropy": 1.0458984375,
            "rank_of_correct_class": 2,
            "offset_from_correct": 1
        },
        {
            "iteration": 1,
            "ground_truth": 17,
            "predicted_class": 18,
            "correct": false,
            "confidence": 0.5507122278213501,
            "softmax_probs": [
                0.028734181076288223,
                0.0022682868875563145,
                0.0003801809507422149,
                0.0023448653519153595,
                0.01637224294245243,
                0.033332232385873795,
                0.013104178942739964,
                0.01193148922175169,
                0.004783242475241423,
                0.00016639316163491458,
                0.00010655642836354673,
                0.018193349242210388,
                0.0067718541249632835,
                0.00048673394485376775,
                0.002053232630714774,
                0.058044638484716415,
                0.032815463840961456,
                0.2139837145805359,
                0.5507122278213501,
                0.002452602842822671,
                0.0009623307851143181
            ],
            "video_path": "/home/ubuntu/av_experiment_results/sample_50/window_1.mp4",
            "melspectrogram_path": "/home/ubuntu/av_experiment_results/sample_50/melspectrogram_window_1.png",
            "cross_entropy": 1.5419921875,
            "rank_of_correct_class": 2,
            "offset_from_correct": 1
        },
        {
            "iteration": 2,
            "ground_truth": 17,
            "predicted_class": 18,
            "correct": false,
            "confidence": 0.8642625212669373,
            "softmax_probs": [
                0.0004664812586270273,
                0.0018359821988269687,
                0.00011521272972458974,
                8.020595123525709e-05,
                0.0001988754520425573,
                0.0006572018610313535,
                0.0004808191442862153,
                9.708992729429156e-05,
                0.0006701640086248517,
                8.268127567134798e-05,
                0.00019868131494149566,
                0.06510094553232193,
                0.005600265692919493,
                0.0002865500282496214,
                0.00045389868319034576,
                0.016654122620821,
                0.004884638357907534,
                0.02778167463839054,
                0.8642625212669373,
                0.009983553551137447,
                0.00010862942872336134
            ],
            "video_path": "/home/ubuntu/av_experiment_results/sample_50/window_2.mp4",
            "melspectrogram_path": "/home/ubuntu/av_experiment_results/sample_50/melspectrogram_window_2.png",
            "cross_entropy": 3.583984375,
            "rank_of_correct_class": 3,
            "offset_from_correct": 1
        },
        {
            "iteration": 3,
            "ground_truth": 17,
            "predicted_class": 18,
            "correct": false,
            "confidence": 0.870749831199646,
            "softmax_probs": [
                0.0013612689217552543,
                0.0016165466513484716,
                0.002474586945027113,
                0.00046044259215705097,
                0.0004759873263537884,
                0.004677633289247751,
                0.001201315433718264,
                0.0002421627432340756,
                0.0008927418966777623,
                0.00030492895166389644,
                5.8338959206594154e-05,
                0.02112811803817749,
                0.002100154524669051,
                8.93262549652718e-05,
                0.0016420037718489766,
                0.02008199132978916,
                0.0035724833142012358,
                0.06610403209924698,
                0.870749831199646,
                0.0006436461699195206,
                0.00012234816676937044
            ],
            "video_path": "/home/ubuntu/av_experiment_results/sample_50/window_3.mp4",
            "melspectrogram_path": "/home/ubuntu/av_experiment_results/sample_50/melspectrogram_window_3.png",
            "cross_entropy": 2.716796875,
            "rank_of_correct_class": 2,
            "offset_from_correct": 1
        },
        {
            "iteration": 4,
            "ground_truth": 17,
            "predicted_class": 18,
            "correct": false,
            "confidence": 0.6575162410736084,
            "softmax_probs": [
                4.420075492816977e-05,
                8.731017442187294e-05,
                0.001361765549518168,
                0.0002857204235624522,
                0.0002119151031365618,
                0.0015920652076601982,
                0.0006728073349222541,
                6.528064113808796e-05,
                0.0002129523636540398,
                6.287179712671787e-05,
                3.402876609470695e-05,
                0.002100920770317316,
                0.0007698723347857594,
                6.910176307428628e-05,
                0.0017080364050343633,
                0.01595415733754635,
                0.0013328208588063717,
                0.31547972559928894,
                0.6575162410736084,
                0.00036224417272023857,
                7.596758950967342e-05
            ],
            "video_path": "/home/ubuntu/av_experiment_results/sample_50/window_4.mp4",
            "melspectrogram_path": "/home/ubuntu/av_experiment_results/sample_50/melspectrogram_window_4.png",
            "cross_entropy": 1.1533203125,
            "rank_of_correct_class": 2,
            "offset_from_correct": 1
        },
        {
            "iteration": 5,
            "ground_truth": 17,
            "predicted_class": 15,
            "correct": false,
            "confidence": 0.39354661107063293,
            "softmax_probs": [
                0.0005541996797546744,
                0.0029755649156868458,
                0.008493168279528618,
                0.0024073338136076927,
                0.0014991330681368709,
                0.15838730335235596,
                0.022289277985692024,
                0.0004149244341533631,
                0.0017715930007398129,
                0.00021597057639155537,
                0.00020724101341329515,
                0.13707277178764343,
                0.01624360866844654,
                0.0006036377744749188,
                0.03319977968931198,
                0.39354661107063293,
                0.010569917969405651,
                0.043300677090883255,
                0.1487910896539688,
                0.0024333333130925894,
                0.0150228813290596
            ],
            "video_path": "/home/ubuntu/av_experiment_results/sample_50/window_5.mp4",