{
    "sample_idx": 3,
    "window_metrics": [
        {
            "iteration": 0,
            "ground_truth": 14,
            "predicted_class": 1,
            "correct": false,
            "confidence": 0.2607164978981018,
            "softmax_probs": [
                0.14971689879894257,
                0.2607164978981018,
                0.009276609867811203,
                0.010887903161346912,
                0.019947845488786697,
                0.012980310246348381,
                0.03542224317789078,
                0.11479192227125168,
                0.012531900778412819,
                0.001679526176303625,
                0.004076466429978609,
                0.0014591978397220373,
                0.005528508219867945,
                0.06989732384681702,
                0.01214633323252201,
                0.0051935529336333275,
                0.0019983858801424503,
                0.0030770781449973583,
                0.019258737564086914,
                0.023781366646289825,
                0.22563132643699646
            ],
            "video_path": "/home/ubuntu/av_experiment_results/sample_3/window_0.mp4",
            "melspectrogram_path": "/home/ubuntu/av_experiment_results/sample_3/melspectrogram_window_0.png",
            "cross_entropy": 4.41015625,
            "rank_of_correct_class": 12,
            "offset_from_correct": 13
        },
        {
            "iteration": 1,
            "ground_truth": 14,
            "predicted_class": 1,
            "correct": false,
            "confidence": 0.7305464744567871,
            "softmax_probs": [
                0.18615978956222534,
                0.7305464744567871,
                0.021888915449380875,
                0.0025838010478764772,
                0.009414305910468102,
                0.0037301527336239815,
                0.005732413846999407,
                0.026610154658555984,
                0.0020439550280570984,
                0.00016119306383188814,
                0.0003628995909821242,
                0.00038105904241092503,
                0.0005936641246080399,
                0.0015248832060024142,
                0.000262922840192914,
                0.00018141129112336785,
                0.00014322815695777535,
                0.00019924133084714413,
                0.0011026309803128242,
                0.0017346818931400776,
                0.004642249550670385
            ],
            "video_path": "/home/ubuntu/av_experiment_results/sample_3/window_1.mp4",
            "melspectrogram_path": "/home/ubuntu/av_experiment_results/sample_3/melspectrogram_window_1.png",
            "cross_entropy": 8.2421875,
            "rank_of_correct_class": 17,
            "offset_from_correct": 13
        },
        {
            "iteration": 2,
            "ground_truth": 14,
            "predicted_class": 1,
            "correct": false,
            "confidence": 0.30866771936416626,
            "softmax_probs": [
                0.1424267441034317,
                0.30866771936416626,
                0.016295012086629868,
                0.005544099025428295,
                0.04276426509022713,
                0.015427807345986366,
                0.05322099104523659,
                0.19016465544700623,
                0.010982771404087543,
                0.0013881452614441514,
                0.004498525522649288,
                0.0033626656513661146,
                0.005167668219655752,
                0.011645520105957985,
                0.0016039988258853555,
                0.00047045128303579986,
                0.0007963665993884206,
                0.001946161617524922,
                0.013144657015800476,
                0.10501890629529953,
                0.06546293199062347
            ],
            "video_path": "/home/ubuntu/av_experiment_results/sample_3/window_2.mp4",
            "melspectrogram_path": "/home/ubuntu/av_experiment_results/sample_3/melspectrogram_window_2.png",
            "cross_entropy": 6.43359375,
            "rank_of_correct_class": 18,
            "offset_from_correct": 13
        },
        {
            "iteration": 3,
            "ground_truth": 14,
            "predicted_class": 1,
            "correct": false,
            "confidence": 0.20020857453346252,
            "softmax_probs": [
                0.07748939096927643,
                0.20020857453346252,
                0.010947484523057938,
                0.0036313121672719717,
                0.013571247458457947,
                0.05430803447961807,
                0.09166216850280762,
                0.10550250858068466,
                0.016053423285484314,
                0.00221112254075706,
                0.00687757320702076,
                0.0083937281742692,
                0.09274265170097351,
                0.12726031243801117,
                0.01250242069363594,
                0.00232176692225039,
                0.0030281548388302326,
                0.006010454148054123,
                0.03411811590194702,
                0.12001790851354599,
                0.011141622439026833
            ],
            "video_path": "/home/ubuntu/av_experiment_results/sample_3/window_3.mp4",
            "melspectrogram_path": "/home/ubuntu/av_experiment_results/sample_3/melspectrogram_window_3.png",
            "cross_entropy": 4.3828125,
            "rank_of_correct_class": 12,
            "offset_from_correct": 13
        },
        {
            "iteration": 4,
            "ground_truth": 14,
            "predicted_class": 0,
            "correct": false,
            "confidence": 0.32804158329963684,
            "softmax_probs": [
                0.32804158329963684,
                0.1525535136461258,
                0.012042629532516003,
                0.0024466088507324457,
                0.010879610665142536,
                0.040580864995718,
                0.08165600895881653,
                0.025594031438231468,
                0.0015642981743440032,
                0.0005491203046403825,
                0.0008283621282316744,
                0.004252203740179539,
                0.03325077146291733,
                0.13099664449691772,
                0.013646088540554047,
                0.00214232224971056,
                0.003197218058630824,
                0.004049563780426979,
                0.03471065312623978,
                0.09546554088592529,
                0.02155233360826969
            ],
            "video_path": "/home/ubuntu/av_experiment_results/sample_3/window_4.mp4",
            "melspectrogram_path": "/home/ubuntu/av_experiment_results/sample_3/melspectrogram_window_4.png",
            "cross_entropy": 4.29296875,
            "rank_of_correct_class": 11,
            "offset_from_correct": 14
        },
        {
            "iteration": 5,
            "ground_truth": 14,
            "predicted_class": 19,
            "correct": false,
            "confidence": 0.25206640362739563,
            "softmax_probs": [
                0.19402243196964264,
                0.007406431715935469,
                0.0013567379210144281,
                0.0007031792774796486,
                0.0014727249508723617,
                0.0045987581834197044,
                0.0021219784393906593,
                0.0009508628281764686,
                0.0002986184263136238,
                0.000512951985001564,
                0.0012185495579615235,
                0.015557398088276386,
                0.06810827553272247,
                0.11953376233577728,
                0.09093648940324783,
                0.00608047703281045,
                0.03255130723118782,
                0.04051075875759125,
                0.1105506494641304,
                0.25206640362739563,
                0.04944130778312683
            ],
            "video_path": "/home/ubuntu/av_experiment_results/sample_3/window_5.mp4",