{
    "sample_idx": 31,
    "window_metrics": [
        {
            "iteration": 0,
            "ground_truth": 0,
            "predicted_class": 0,
            "correct": true,
            "confidence": 0.7284395098686218,
            "softmax_probs": [
                0.7284395098686218,
                0.24591036140918732,
                0.02050342783331871,
                0.002526518190279603,
                0.0004601131076924503,
                0.00016183065599761903,
                5.861118552275002e-05,
                7.964395626913756e-05,
                3.8967282307567075e-05,
                1.2824972145608626e-05,
                6.348821443680208e-06,
                9.33724641072331e-06,
                1.4293324966274668e-05,
                1.0406283763586544e-05,
                2.7097490601590835e-05,
                5.5060110753402114e-05,
                5.2744355343747884e-05,
                4.4502030505100265e-05,
                0.00013761241280008107,
                0.00039355558692477643,
                0.0010573315666988492
            ],
            "video_path": "/home/ubuntu/av_experiment_results/sample_31/window_0.mp4",
            "melspectrogram_path": "/home/ubuntu/av_experiment_results/sample_31/melspectrogram_window_0.png",
            "cross_entropy": 0.31689453125,
            "rank_of_correct_class": 1,
            "offset_from_correct": 0
        },
        {
            "iteration": 1,
            "ground_truth": 0,
            "predicted_class": 0,
            "correct": true,
            "confidence": 0.8753490447998047,
            "softmax_probs": [
                0.8753490447998047,
                0.10212373733520508,
                0.01566118374466896,
                0.004647555761039257,
                0.0006774362991563976,
                7.980957889230922e-05,
                2.941770617326256e-05,
                4.442072531674057e-05,
                5.4745243687648326e-05,
                1.8607950551086105e-05,
                9.274788681068458e-06,
                1.4922733498679008e-05,
                1.8662543880054727e-05,
                1.4323050891107414e-05,
                2.1459492927533574e-05,
                2.9822662327205762e-05,
                2.1968389773974195e-05,
                2.2511329007102177e-05,
                7.29518651496619e-05,
                0.00019408873049542308,
                0.0008939583785831928
            ],
            "video_path": "/home/ubuntu/av_experiment_results/sample_31/window_1.mp4",
            "melspectrogram_path": "/home/ubuntu/av_experiment_results/sample_31/melspectrogram_window_1.png",
            "cross_entropy": 0.1331787109375,
            "rank_of_correct_class": 1,
            "offset_from_correct": 0
        },
        {
            "iteration": 2,
            "ground_truth": 0,
            "predicted_class": 0,
            "correct": true,
            "confidence": 0.5907264351844788,
            "softmax_probs": [
                0.5907264351844788,
                0.08988584578037262,
                0.012117302045226097,
                0.009660754352807999,
                0.004914994351565838,
                0.0008881212561391294,
                0.00012437335681170225,
                8.640367741463706e-05,
                0.00013162127288524061,
                7.279471901711076e-05,
                4.1456936742179096e-05,
                0.00014914643543306738,
                0.00031298008980229497,
                0.00019700890698004514,
                0.00015433233056683093,
                0.0003154348232783377,
                0.00042446397128514946,
                0.00041301475721411407,
                0.0068505010567605495,
                0.10927341133356094,
                0.17325951159000397
            ],
            "video_path": "/home/ubuntu/av_experiment_results/sample_31/window_2.mp4",
            "melspectrogram_path": "/home/ubuntu/av_experiment_results/sample_31/melspectrogram_window_2.png",
            "cross_entropy": 0.5263671875,
            "rank_of_correct_class": 1,
            "offset_from_correct": 0
        },
        {
            "iteration": 3,
            "ground_truth": 0,
            "predicted_class": 0,
            "correct": true,
            "confidence": 0.6572162508964539,
            "softmax_probs": [
                0.6572162508964539,
                0.21504034101963043,
                0.015456246212124825,
                0.011263944208621979,
                0.022313695400953293,
                0.004498024005442858,
                0.0004834387800656259,
                0.0004796766734216362,
                0.0004258007393218577,
                0.00019647479348350316,
                0.00010303062299499288,
                0.00020812757429666817,
                0.00022813741816207767,
                0.00018674663442652673,
                0.0002738458279054612,
                0.0020195140969008207,
                0.001434849458746612,
                0.00062806491041556,
                0.0033557305578142405,
                0.014294689521193504,
                0.049893371760845184
            ],
            "video_path": "/home/ubuntu/av_experiment_results/sample_31/window_3.mp4",
            "melspectrogram_path": "/home/ubuntu/av_experiment_results/sample_31/melspectrogram_window_3.png",
            "cross_entropy": 0.419677734375,
            "rank_of_correct_class": 1,
            "offset_from_correct": 0
        },
        {
            "iteration": 4,
            "ground_truth": 0,
            "predicted_class": 0,
            "correct": true,
            "confidence": 0.5903124809265137,
            "softmax_probs": [
                0.5903124809265137,
                0.20321117341518402,
                0.008998502977192402,
                0.009356961585581303,
                0.02051747590303421,
                0.006041309330612421,
                0.001697386265732348,
                0.0016516020987182856,
                0.0032147876918315887,
                0.0016907686367630959,
                0.0010852646082639694,
                0.0008452049805782735,
                0.0025431066751480103,
                0.00263410247862339,
                0.0015821377746760845,
                0.006765945814549923,
                0.009616347029805183,
                0.006926394999027252,
                0.011690504848957062,
                0.04128485172986984,
                0.06833362579345703
            ],
            "video_path": "/home/ubuntu/av_experiment_results/sample_31/window_4.mp4",
            "melspectrogram_path": "/home/ubuntu/av_experiment_results/sample_31/melspectrogram_window_4.png",
            "cross_entropy": 0.52734375,
            "rank_of_correct_class": 1,
            "offset_from_correct": 0
        },
        {
            "iteration": 5,
            "ground_truth": 0,
            "predicted_class": 0,
            "correct": true,
            "confidence": 0.8461581468582153,
            "softmax_probs": [
                0.8461581468582153,
                0.13493171334266663,
                0.0025597894564270973,
                0.0005365610704757273,
                0.0003680530935525894,
                0.0001388810487696901,
                7.959706272231415e-05,
                6.464878970291466e-05,
                0.00013460812624543905,
                0.00013460812624543905,
                7.35433932277374e-05,
                0.00011115900269942358,
                0.000308121059788391,
                0.0003248057037126273,
                0.00029981002444401383,
                0.0004943031817674637,
                0.0009907493367791176,
                0.0008985706372186542,
                0.0012234121095389128,
                0.0032106954604387283,
                0.0069582294672727585
            ],