{
    "sample_idx": 8,
    "window_metrics": [
        {
            "iteration": 0,
            "ground_truth": 2,
            "predicted_class": 3,
            "correct": false,
            "confidence": 0.753024697303772,
            "softmax_probs": [
                6.667446723440662e-05,
                0.0008186319610103965,
                0.2278723418712616,
                0.753024697303772,
                0.01451059803366661,
                0.0005919462419115007,
                6.58976859995164e-05,
                8.461430843453854e-05,
                3.92725232813973e-05,
                8.12018788565183e-06,
                1.3598755685961805e-05,
                0.0004020984924864024,
                0.0016928979894146323,
                0.000457420595921576,
                9.66325678746216e-05,
                4.925878965877928e-05,
                2.9935374186607078e-05,
                3.398754051886499e-05,
                2.779405258479528e-05,
                2.563009547884576e-05,
                8.798495400696993e-05
            ],
            "video_path": "/home/ubuntu/av_experiment_results/sample_8/window_0.mp4",
            "melspectrogram_path": "/home/ubuntu/av_experiment_results/sample_8/melspectrogram_window_0.png",
            "cross_entropy": 1.478515625,
            "rank_of_correct_class": 2,
            "offset_from_correct": 1
        },
        {
            "iteration": 1,
            "ground_truth": 2,
            "predicted_class": 2,
            "correct": true,
            "confidence": 0.5828658938407898,
            "softmax_probs": [
                0.00014587405894417316,
                0.004381241742521524,
                0.5828658938407898,
                0.3974800109863281,
                0.004450235981494188,
                0.00035199010744690895,
                8.761726348893717e-05,
                0.00015680598153267056,
                5.196223355596885e-05,
                1.7477555957157165e-05,
                6.460492295445874e-05,
                0.002410118468105793,
                0.003718311432749033,
                0.00023723988851998,
                9.245194087270647e-05,
                0.00024334067711606622,
                0.0009852544171735644,
                0.0019290345953777432,
                0.00012188233813503757,
                3.2964759157039225e-05,
                0.0001756143756210804
            ],
            "video_path": "/home/ubuntu/av_experiment_results/sample_8/window_1.mp4",
            "melspectrogram_path": "/home/ubuntu/av_experiment_results/sample_8/melspectrogram_window_1.png",
            "cross_entropy": 0.5400390625,
            "rank_of_correct_class": 1,
            "offset_from_correct": 0
        },
        {
            "iteration": 2,
            "ground_truth": 2,
            "predicted_class": 2,
            "correct": true,
            "confidence": 0.5516971349716187,
            "softmax_probs": [
                0.00010504073725314811,
                0.0023536516819149256,
                0.5516971349716187,
                0.439851313829422,
                0.0028279772959649563,
                0.00014217841089703143,
                4.3574211304076016e-05,
                7.079702481860295e-05,
                0.00013461180787999183,
                6.5732812799979e-05,
                5.783930828329176e-05,
                0.0006587115931324661,
                0.00022764461755286902,
                2.343775486224331e-05,
                7.079702481860295e-05,
                0.000447451020590961,
                0.0006535854190587997,
                0.0004066138353664428,
                2.8437470973585732e-05,
                1.565872116771061e-05,
                0.00011787004768848419
            ],
            "video_path": "/home/ubuntu/av_experiment_results/sample_8/window_2.mp4",
            "melspectrogram_path": "/home/ubuntu/av_experiment_results/sample_8/melspectrogram_window_2.png",
            "cross_entropy": 0.5947265625,
            "rank_of_correct_class": 1,
            "offset_from_correct": 0
        },
        {
            "iteration": 3,
            "ground_truth": 2,
            "predicted_class": 2,
            "correct": true,
            "confidence": 0.5295805931091309,
            "softmax_probs": [
                0.00045188801595941186,
                0.012454542331397533,
                0.5295805931091309,
                0.3113243579864502,
                0.004091060254722834,
                0.00018782388360705227,
                0.00020368189143482596,
                0.0013464560033753514,
                0.053261321038007736,
                0.044328004121780396,
                0.0034182085655629635,
                0.0013891971902921796,
                0.0004354260745458305,
                0.00024117063730955124,
                0.0008575328392907977,
                0.009586602449417114,
                0.018334858119487762,
                0.0076133087277412415,
                0.0004554321931209415,
                0.00012055972911184654,
                0.0003179429331794381
            ],
            "video_path": "/home/ubuntu/av_experiment_results/sample_8/window_3.mp4",
            "melspectrogram_path": "/home/ubuntu/av_experiment_results/sample_8/melspectrogram_window_3.png",
            "cross_entropy": 0.6357421875,
            "rank_of_correct_class": 1,
            "offset_from_correct": 0
        },
        {
            "iteration": 4,
            "ground_truth": 2,
            "predicted_class": 3,
            "correct": false,
            "confidence": 0.6310271620750427,
            "softmax_probs": [
                0.0003382732975296676,
                0.005610796622931957,
                0.3377645015716553,
                0.6310271620750427,
                0.01377878524363041,
                0.00028877591830678284,
                9.729624434839934e-05,
                0.0002744776429608464,
                0.0020241732709109783,
                0.0008146515465341508,
                9.68223248491995e-05,
                0.0001246870815521106,
                0.00018572085537016392,
                0.00013246973685454577,
                0.00010896662570303306,
                0.0007490277057513595,
                0.005029485560953617,
                0.0013857687590643764,
                7.511132571380585e-05,
                2.4065702746156603e-05,
                6.892603414598852e-05
            ],
            "video_path": "/home/ubuntu/av_experiment_results/sample_8/window_4.mp4",
            "melspectrogram_path": "/home/ubuntu/av_experiment_results/sample_8/melspectrogram_window_4.png",
            "cross_entropy": 1.0849609375,
            "rank_of_correct_class": 2,
            "offset_from_correct": 1
        },
        {
            "iteration": 5,
            "ground_truth": 2,
            "predicted_class": 3,
            "correct": false,
            "confidence": 0.825831413269043,
            "softmax_probs": [
                0.00010402734187664464,
                0.0018638434121385217,
                0.13587063550949097,
                0.825831413269043,
                0.019270554184913635,
                0.0005740185151807964,
                0.00016510271234437823,
                0.0005135428509674966,
                0.0031953707803040743,
                0.003414767561480403,
                0.0001813298586057499,
                4.6478493459289894e-05,
                0.00010211493645329028,
                0.00013984744146000594,
                0.0001878181064967066,
                0.00269077206030488,
                0.0032204322051256895,
                0.0014744213549420238,
                0.0001515067706350237,
                6.115451105870306e-05,
                0.0009408673504367471
            ],
            "video_path": "/home/ubuntu/av_experiment_results/sample_8/window_5.mp4",