{
    "sample_idx": 20,
    "window_metrics": [
        {
            "iteration": 0,
            "ground_truth": 6,
            "predicted_class": 5,
            "correct": false,
            "confidence": 0.5922289490699768,
            "softmax_probs": [
                0.0004001517372671515,
                0.002668588189408183,
                0.0009385939338244498,
                0.012387721799314022,
                0.01845145784318447,
                0.5922289490699768,
                0.22654776275157928,
                0.02182622067630291,
                0.07618099451065063,
                0.0056494008749723434,
                0.0015264669200405478,
                0.0014766156673431396,
                0.0003131639095954597,
                0.0006893776007927954,
                0.0003304441343061626,
                0.00020062032854184508,
                0.0019334073876962066,
                0.0012075346894562244,
                0.009169883094727993,
                0.014768359251320362,
                0.0111042819917202
            ],
            "video_path": "/home/ubuntu/av_experiment_results/sample_20/window_0.mp4",
            "melspectrogram_path": "/home/ubuntu/av_experiment_results/sample_20/melspectrogram_window_0.png",
            "cross_entropy": 1.484375,
            "rank_of_correct_class": 2,
            "offset_from_correct": 1
        },
        {
            "iteration": 1,
            "ground_truth": 6,
            "predicted_class": 5,
            "correct": false,
            "confidence": 0.49255335330963135,
            "softmax_probs": [
                0.008246254175901413,
                0.023954717442393303,
                0.00239044101908803,
                0.018081968650221825,
                0.042206380516290665,
                0.49255335330963135,
                0.3717987537384033,
                0.013023954816162586,
                0.015587630681693554,
                0.0025051601696759462,
                0.0015433846274390817,
                0.00239044101908803,
                0.0010361793683841825,
                0.0025248087476938963,
                0.00031974195735529065,
                0.000230301491683349,
                0.0005220423336140811,
                0.0001877831236924976,
                0.0002991987275891006,
                0.00021174969151616096,
                0.0003856824478134513
            ],
            "video_path": "/home/ubuntu/av_experiment_results/sample_20/window_1.mp4",
            "melspectrogram_path": "/home/ubuntu/av_experiment_results/sample_20/melspectrogram_window_1.png",
            "cross_entropy": 0.9892578125,
            "rank_of_correct_class": 2,
            "offset_from_correct": 1
        },
        {
            "iteration": 2,
            "ground_truth": 6,
            "predicted_class": 5,
            "correct": false,
            "confidence": 0.3033846318721771,
            "softmax_probs": [
                0.0272443238645792,
                0.1103086844086647,
                0.11204579472541809,
                0.1315075010061264,
                0.057004284113645554,
                0.3033846318721771,
                0.18401208519935608,
                0.01894545368850231,
                0.027458002790808678,
                0.004361490719020367,
                0.003909615334123373,
                0.0030034661758691072,
                0.0009071036474779248,
                0.0024322811514139175,
                0.0010440697660669684,
                0.000543776317499578,
                0.0014354605227708817,
                0.0032222489826381207,
                0.0033245342783629894,
                0.0018288242863491178,
                0.0020763808861374855
            ],
            "video_path": "/home/ubuntu/av_experiment_results/sample_20/window_2.mp4",
            "melspectrogram_path": "/home/ubuntu/av_experiment_results/sample_20/melspectrogram_window_2.png",
            "cross_entropy": 1.6923828125,
            "rank_of_correct_class": 2,
            "offset_from_correct": 1
        },
        {
            "iteration": 3,
            "ground_truth": 6,
            "predicted_class": 6,
            "correct": true,
            "confidence": 0.4374026656150818,
            "softmax_probs": [
                0.011979513801634312,
                0.05163167789578438,
                0.038070809096097946,
                0.06252345442771912,
                0.05626501142978668,
                0.0551767535507679,
                0.4374026656150818,
                0.07002294808626175,
                0.15414372086524963,
                0.02647409588098526,
                0.003912033513188362,
                0.0050526694394648075,
                0.002349709626287222,
                0.002255284460261464,
                0.0014964862493798137,
                0.0008361799409613013,
                0.0016371607780456543,
                0.005953500047326088,
                0.004493937361985445,
                0.004618513397872448,
                0.0037038391456007957
            ],
            "video_path": "/home/ubuntu/av_experiment_results/sample_20/window_3.mp4",
            "melspectrogram_path": "/home/ubuntu/av_experiment_results/sample_20/melspectrogram_window_3.png",
            "cross_entropy": 0.82666015625,
            "rank_of_correct_class": 1,
            "offset_from_correct": 0
        },
        {
            "iteration": 4,
            "ground_truth": 6,
            "predicted_class": 18,
            "correct": false,
            "confidence": 0.17959266901016235,
            "softmax_probs": [
                0.02411607839167118,
                0.022391021251678467,
                0.00476732337847352,
                0.015939753502607346,
                0.015209820121526718,
                0.028750641271471977,
                0.08960210531949997,
                0.010701444931328297,
                0.024784600362181664,
                0.012658736668527126,
                0.01532911229878664,
                0.044879116117954254,
                0.018781621009111404,
                0.1085037887096405,
                0.06182359158992767,
                0.03662926331162453,
                0.06206556782126427,
                0.0541345477104187,
                0.17959266901016235,
                0.11326766759157181,
                0.05607156455516815
            ],
            "video_path": "/home/ubuntu/av_experiment_results/sample_20/window_4.mp4",
            "melspectrogram_path": "/home/ubuntu/av_experiment_results/sample_20/melspectrogram_window_4.png",
            "cross_entropy": 2.412109375,
            "rank_of_correct_class": 4,
            "offset_from_correct": 12
        },
        {
            "iteration": 5,
            "ground_truth": 6,
            "predicted_class": 20,
            "correct": false,
            "confidence": 0.16789127886295319,
            "softmax_probs": [
                0.0458989217877388,
                0.05514882504940033,
                0.006848967168480158,
                0.005985454190522432,
                0.006703391205519438,
                0.01883687824010849,
                0.02838818170130253,
                0.005535640753805637,
                0.01943482644855976,
                0.012401876971125603,
                0.007776069920510054,
                0.031545836478471756,
                0.014670176431536674,
                0.0994722992181778,
                0.07421085238456726,
                0.026460694149136543,
                0.08744174987077713,
                0.098698191344738,
                0.06944285333156586,
                0.11720699816942215,
                0.16789127886295319
            ],
            "video_path": "/home/ubuntu/av_experiment_results/sample_20/window_5.mp4",
            "melspectrogram_path": "/home/ubuntu/av_experiment_results/sample_20/melspectrogram_window_5.png",