{
    "sample_idx": 15,
    "window_metrics": [
        {
            "iteration": 0,
            "ground_truth": 19,
            "predicted_class": 15,
            "correct": false,
            "confidence": 0.15977567434310913,
            "softmax_probs": [
                0.051669344305992126,
                0.02479122020304203,
                0.007531418465077877,
                0.006646453402936459,
                0.008239395916461945,
                0.009336459450423717,
                0.007214656099677086,
                0.009595274925231934,
                0.009409686550498009,
                0.008239395916461945,
                0.01613195613026619,
                0.029211195185780525,
                0.053101662546396255,
                0.08321495354175568,
                0.15305572748184204,
                0.15977567434310913,
                0.09728813916444778,
                0.05289464443922043,
                0.0663447454571724,
                0.08518833667039871,
                0.061119645833969116
            ],
            "video_path": "/home/ubuntu/av_experiment_results/sample_15/window_0.mp4",
            "melspectrogram_path": "/home/ubuntu/av_experiment_results/sample_15/melspectrogram_window_0.png",
            "cross_entropy": 2.462890625,
            "rank_of_correct_class": 4,
            "offset_from_correct": 4
        },
        {
            "iteration": 1,
            "ground_truth": 19,
            "predicted_class": 15,
            "correct": false,
            "confidence": 0.17191283404827118,
            "softmax_probs": [
                0.05022529885172844,
                0.03896300494670868,
                0.013204813003540039,
                0.007538584992289543,
                0.008727848529815674,
                0.009075526148080826,
                0.007702299393713474,
                0.011744603514671326,
                0.016178874298930168,
                0.03268222510814667,
                0.07222600281238556,
                0.08152370899915695,
                0.07222600281238556,
                0.05691272020339966,
                0.09605839848518372,
                0.17191283404827118,
                0.10145788639783859,
                0.04626971483230591,
                0.040199823677539825,
                0.04415087029337883,
                0.021018963307142258
            ],
            "video_path": "/home/ubuntu/av_experiment_results/sample_15/window_1.mp4",
            "melspectrogram_path": "/home/ubuntu/av_experiment_results/sample_15/melspectrogram_window_1.png",
            "cross_entropy": 3.12109375,
            "rank_of_correct_class": 10,
            "offset_from_correct": 4
        },
        {
            "iteration": 2,
            "ground_truth": 19,
            "predicted_class": 19,
            "correct": true,
            "confidence": 0.21643699705600739,
            "softmax_probs": [
                0.071373350918293,
                0.051609501242637634,
                0.020852122455835342,
                0.021346617490053177,
                0.01913498342037201,
                0.012846619822084904,
                0.01044422760605812,
                0.016755152493715286,
                0.018046008422970772,
                0.02505440078675747,
                0.042785778641700745,
                0.0413077250123024,
                0.05140829458832741,
                0.037028003484010696,
                0.038054462522268295,
                0.044316720217466354,
                0.05366538465023041,
                0.03045840375125408,
                0.058939896523952484,
                0.21643699705600739,
                0.11813533306121826
            ],
            "video_path": "/home/ubuntu/av_experiment_results/sample_15/window_2.mp4",
            "melspectrogram_path": "/home/ubuntu/av_experiment_results/sample_15/melspectrogram_window_2.png",
            "cross_entropy": 1.5302734375,
            "rank_of_correct_class": 1,
            "offset_from_correct": 0
        },
        {
            "iteration": 3,
            "ground_truth": 19,
            "predicted_class": 19,
            "correct": true,
            "confidence": 0.22338488698005676,
            "softmax_probs": [
                0.06500869989395142,
                0.09532896429300308,
                0.08153918385505676,
                0.06035853922367096,
                0.033073753118515015,
                0.018844855949282646,
                0.013733440078794956,
                0.01906699314713478,
                0.026679519563913345,
                0.03011399321258068,
                0.027850890532135963,
                0.018844855949282646,
                0.023544592782855034,
                0.016695616766810417,
                0.012504438869655132,
                0.013895324431359768,
                0.028511356562376022,
                0.03346361592411995,
                0.05326622724533081,
                0.22338488698005676,
                0.10429020971059799
            ],
            "video_path": "/home/ubuntu/av_experiment_results/sample_15/window_3.mp4",
            "melspectrogram_path": "/home/ubuntu/av_experiment_results/sample_15/melspectrogram_window_3.png",
            "cross_entropy": 1.4990234375,
            "rank_of_correct_class": 1,
            "offset_from_correct": 0
        },
        {
            "iteration": 4,
            "ground_truth": 19,
            "predicted_class": 1,
            "correct": false,
            "confidence": 0.1650245487689972,
            "softmax_probs": [
                0.0955088883638382,
                0.1650245487689972,
                0.12902426719665527,
                0.061906520277261734,
                0.03186674416065216,
                0.021987393498420715,
                0.016596956178545952,
                0.020574716851115227,
                0.029936039820313454,
                0.03249526023864746,
                0.023867091163992882,
                0.02001974917948246,
                0.01589890941977501,
                0.00987185724079609,
                0.008216088637709618,
                0.007307540625333786,
                0.012479196302592754,
                0.015961136668920517,
                0.04271421581506729,
                0.13627678155899048,
                0.10246608406305313
            ],
            "video_path": "/home/ubuntu/av_experiment_results/sample_15/window_4.mp4",
            "melspectrogram_path": "/home/ubuntu/av_experiment_results/sample_15/melspectrogram_window_4.png",
            "cross_entropy": 1.9931640625,
            "rank_of_correct_class": 2,
            "offset_from_correct": 18
        },
        {
            "iteration": 5,
            "ground_truth": 19,
            "predicted_class": 1,
            "correct": false,
            "confidence": 0.24071449041366577,
            "softmax_probs": [
                0.10892317444086075,
                0.24071449041366577,
                0.19569949805736542,
                0.055415622889995575,
                0.021364623680710793,
                0.009935474023222923,
                0.007045305334031582,
                0.00859843473881483,
                0.01086943969130516,
                0.011302430182695389,
                0.01270766369998455,
                0.020546158775687218,
                0.026074431836605072,
                0.017574062570929527,
                0.010700926184654236,
                0.011302430182695389,
                0.01246187649667263,
                0.012510649859905243,
                0.04007059708237648,
                0.09802024811506271,
                0.06816237419843674
            ],
            "video_path": "/home/ubuntu/av_experiment_results/sample_15/window_5.mp4",
            "melspectrogram_path": "/home/ubuntu/av_experiment_results/sample_15/melspectrogram_window_5.png",